mix,time_point,carbon,bio_rep,strain,count,total,treatment
A,0,coum,1A,Y4I,21000,173000,none
A,0,coum,1A,SE45,52000,173000,none
A,0,coum,1A,E37,8000,173000,none
A,0,coum,1A,ISM,49000,173000,none
A,0,coum,1A,EE36,43000,173000,none
A,0,coum,1B,Y4I,61000,281000,none
A,0,coum,1B,SE45,102000,281000,none
A,0,coum,1B,E37,21000,281000,none
A,0,coum,1B,ISM,51000,281000,none
A,0,coum,1B,EE36,46000,281000,none
A,0,coum,1C,Y4I,9000,184000,none
A,0,coum,1C,SE45,80000,184000,none
A,0,coum,1C,E37,19000,184000,none
A,0,coum,1C,ISM,31000,184000,none
A,0,coum,1C,EE36,45000,184000,none
A,0,coum,3A,Y4I,34000,213000,none
A,0,coum,3A,SE45,85000,213000,none
A,0,coum,3A,E37,14000,213000,none
A,0,coum,3A,ISM,54000,213000,none
A,0,coum,3A,EE36,26000,213000,none
A,0,coum,3B,Y4I,10000,175000,none
A,0,coum,3B,SE45,98000,175000,none
A,0,coum,3B,E37,9000,175000,none
A,0,coum,3B,ISM,35000,175000,none
A,0,coum,3B,EE36,23000,175000,none
A,0,coum,3C,Y4I,11000,158000,none
A,0,coum,3C,SE45,98000,158000,none
A,0,coum,3C,E37,7000,158000,none
A,0,coum,3C,ISM,27000,158000,none
A,0,coum,3C,EE36,15000,158000,none
B,0,coum,1A,Y4I,,,none
B,0,coum,1A,SE45,,,none
B,0,coum,1A,E37,,,none
B,0,coum,1A,ISM,,,none
B,0,coum,1A,EE36,,,none
B,0,coum,1B,Y4I,10000,95000,none
B,0,coum,1B,SE45,38000,95000,none
B,0,coum,1B,E37,1000,95000,none
B,0,coum,1B,ISM,22000,95000,none
B,0,coum,1B,EE36,24000,95000,none
B,0,coum,1C,Y4I,5000,151000,none
B,0,coum,1C,SE45,80000,151000,none
B,0,coum,1C,E37,5000,151000,none
B,0,coum,1C,ISM,22000,151000,none
B,0,coum,1C,EE36,39000,151000,none
B,0,coum,3A,Y4I,48000,296000,none
B,0,coum,3A,SE45,116000,296000,none
B,0,coum,3A,E37,15000,296000,none
B,0,coum,3A,ISM,61000,296000,none
B,0,coum,3A,EE36,56000,296000,none
B,0,coum,3B,Y4I,12000,130000,none
B,0,coum,3B,SE45,53000,130000,none
B,0,coum,3B,E37,6000,130000,none
B,0,coum,3B,ISM,30000,130000,none
B,0,coum,3B,EE36,29000,130000,none
B,0,coum,3C,Y4I,6000,49000,none
B,0,coum,3C,SE45,26000,49000,none
B,0,coum,3C,E37,3000,49000,none
B,0,coum,3C,ISM,10000,49000,none
B,0,coum,3C,EE36,4000,49000,none
C,0,coum,1A,Y4I,9000,174000,none
C,0,coum,1A,SE45,55000,174000,none
C,0,coum,1A,E37,6000,174000,none
C,0,coum,1A,ISM,28000,174000,none
C,0,coum,1A,EE36,76000,174000,none
C,0,coum,1B,Y4I,11000,274000,none
C,0,coum,1B,SE45,130000,274000,none
C,0,coum,1B,E37,9000,274000,none
C,0,coum,1B,ISM,80000,274000,none
C,0,coum,1B,EE36,44000,274000,none
C,0,coum,1C,Y4I,25000,216000,none
C,0,coum,1C,SE45,126000,216000,none
C,0,coum,1C,E37,16000,216000,none
C,0,coum,1C,ISM,49000,216000,none
C,0,coum,1C,EE36,0,216000,none
C,0,coum,3A,Y4I,12000,162000,none
C,0,coum,3A,SE45,58000,162000,none
C,0,coum,3A,E37,7000,162000,none
C,0,coum,3A,ISM,43000,162000,none
C,0,coum,3A,EE36,42000,162000,none
C,0,coum,3B,Y4I,25000,241000,none
C,0,coum,3B,SE45,108000,241000,none
C,0,coum,3B,E37,15000,241000,none
C,0,coum,3B,ISM,66000,241000,none
C,0,coum,3B,EE36,27000,241000,none
C,0,coum,3C,Y4I,23000,218000,none
C,0,coum,3C,SE45,101000,218000,none
C,0,coum,3C,E37,9000,218000,none
C,0,coum,3C,ISM,52000,218000,none
C,0,coum,3C,EE36,33000,218000,none
D,0,coum,1A,Y4I,51000,272000,none
D,0,coum,1A,SE45,86000,272000,none
D,0,coum,1A,E37,14000,272000,none
D,0,coum,1A,ISM,40000,272000,none
D,0,coum,1A,EE36,81000,272000,none
D,0,coum,1B,Y4I,98000,358000,none
D,0,coum,1B,SE45,124000,358000,none
D,0,coum,1B,E37,35000,358000,none
D,0,coum,1B,ISM,70000,358000,none
D,0,coum,1B,EE36,31000,358000,none
D,0,coum,1C,Y4I,67000,156000,none
D,0,coum,1C,SE45,58000,156000,none
D,0,coum,1C,E37,10000,156000,none
D,0,coum,1C,ISM,21000,156000,none
D,0,coum,1C,EE36,0,156000,none
D,0,coum,3A,Y4I,85000,291000,none
D,0,coum,3A,SE45,82000,291000,none
D,0,coum,3A,E37,10000,291000,none
D,0,coum,3A,ISM,46000,291000,none
D,0,coum,3A,EE36,68000,291000,none
D,0,coum,3B,Y4I,111000,345000,none
D,0,coum,3B,SE45,136000,345000,none
D,0,coum,3B,E37,25000,345000,none
D,0,coum,3B,ISM,63000,345000,none
D,0,coum,3B,EE36,10000,345000,none
D,0,coum,3C,Y4I,63000,150000,none
D,0,coum,3C,SE45,56000,150000,none
D,0,coum,3C,E37,3000,150000,none
D,0,coum,3C,ISM,28000,150000,none
D,0,coum,3C,EE36,0,150000,none
E,0,coum,1A,Y4I,23000,165000,none
E,0,coum,1A,SE45,50000,165000,none
E,0,coum,1A,E37,12000,165000,none
E,0,coum,1A,ISM,48000,165000,none
E,0,coum,1A,EE36,32000,165000,none
E,0,coum,1B,Y4I,34000,311000,none
E,0,coum,1B,SE45,118000,311000,none
E,0,coum,1B,E37,12000,311000,none
E,0,coum,1B,ISM,78000,311000,none
E,0,coum,1B,EE36,69000,311000,none
E,0,coum,1C,Y4I,25000,240000,none
E,0,coum,1C,SE45,92000,240000,none
E,0,coum,1C,E37,23000,240000,none
E,0,coum,1C,ISM,55000,240000,none
E,0,coum,1C,EE36,45000,240000,none
E,0,coum,3A,Y4I,37000,333000,none
E,0,coum,3A,SE45,134000,333000,none
E,0,coum,3A,E37,23000,333000,none
E,0,coum,3A,ISM,96000,333000,none
E,0,coum,3A,EE36,43000,333000,none
E,0,coum,3B,Y4I,28000,243000,none
E,0,coum,3B,SE45,88000,243000,none
E,0,coum,3B,E37,13000,243000,none
E,0,coum,3B,ISM,50000,243000,none
E,0,coum,3B,EE36,64000,243000,none
E,0,coum,3C,Y4I,22000,174000,none
E,0,coum,3C,SE45,80000,174000,none
E,0,coum,3C,E37,11000,174000,none
E,0,coum,3C,ISM,41000,174000,none
E,0,coum,3C,EE36,20000,174000,none
A,1,coum,1A,Y4I,0,140000,none
A,1,coum,1A,SE45,120000,140000,none
A,1,coum,1A,E37,0,140000,none
A,1,coum,1A,ISM,0,140000,none
A,1,coum,1A,EE36,20000,140000,none
A,1,coum,1B,Y4I,0,160000,none
A,1,coum,1B,SE45,150000,160000,none
A,1,coum,1B,E37,0,160000,none
A,1,coum,1B,ISM,0,160000,none
A,1,coum,1B,EE36,10000,160000,none
A,1,coum,1C,Y4I,0,70000,none
A,1,coum,1C,SE45,60000,70000,none
A,1,coum,1C,E37,10000,70000,none
A,1,coum,1C,ISM,0,70000,none
A,1,coum,1C,EE36,0,70000,none
A,1,coum,3A,Y4I,0,80000,none
A,1,coum,3A,SE45,80000,80000,none
A,1,coum,3A,E37,0,80000,none
A,1,coum,3A,ISM,0,80000,none
A,1,coum,3A,EE36,0,80000,none
A,1,coum,3B,Y4I,40000,130000,none
A,1,coum,3B,SE45,50000,130000,none
A,1,coum,3B,E37,0,130000,none
A,1,coum,3B,ISM,0,130000,none
A,1,coum,3B,EE36,40000,130000,none
A,1,coum,3C,Y4I,0,150000,none
A,1,coum,3C,SE45,130000,150000,none
A,1,coum,3C,E37,10000,150000,none
A,1,coum,3C,ISM,0,150000,none
A,1,coum,3C,EE36,10000,150000,none
B,1,coum,1A,Y4I,0,30000,none
B,1,coum,1A,SE45,20000,30000,none
B,1,coum,1A,E37,0,30000,none
B,1,coum,1A,ISM,0,30000,none
B,1,coum,1A,EE36,10000,30000,none
B,1,coum,1B,Y4I,0,50000,none
B,1,coum,1B,SE45,50000,50000,none
B,1,coum,1B,E37,0,50000,none
B,1,coum,1B,ISM,0,50000,none
B,1,coum,1B,EE36,0,50000,none
B,1,coum,1C,Y4I,0,50000,none
B,1,coum,1C,SE45,40000,50000,none
B,1,coum,1C,E37,0,50000,none
B,1,coum,1C,ISM,0,50000,none
B,1,coum,1C,EE36,10000,50000,none
B,1,coum,3A,Y4I,0,360000,none
B,1,coum,3A,SE45,320000,360000,none
B,1,coum,3A,E37,20000,360000,none
B,1,coum,3A,ISM,0,360000,none
B,1,coum,3A,EE36,20000,360000,none
B,1,coum,3B,Y4I,0,0,none
B,1,coum,3B,SE45,0,0,none
B,1,coum,3B,E37,0,0,none
B,1,coum,3B,ISM,0,0,none
B,1,coum,3B,EE36,0,0,none
B,1,coum,3C,Y4I,0,30000,none
B,1,coum,3C,SE45,30000,30000,none
B,1,coum,3C,E37,0,30000,none
B,1,coum,3C,ISM,0,30000,none
B,1,coum,3C,EE36,0,30000,none
C,1,coum,1A,Y4I,10000,110000,none
C,1,coum,1A,SE45,100000,110000,none
C,1,coum,1A,E37,0,110000,none
C,1,coum,1A,ISM,0,110000,none
C,1,coum,1A,EE36,0,110000,none
C,1,coum,1B,Y4I,0,140000,none
C,1,coum,1B,SE45,120000,140000,none
C,1,coum,1B,E37,0,140000,none
C,1,coum,1B,ISM,0,140000,none
C,1,coum,1B,EE36,20000,140000,none
C,1,coum,1C,Y4I,0,70000,none
C,1,coum,1C,SE45,70000,70000,none
C,1,coum,1C,E37,0,70000,none
C,1,coum,1C,ISM,0,70000,none
C,1,coum,1C,EE36,0,70000,none
C,1,coum,3A,Y4I,10000,170000,none
C,1,coum,3A,SE45,110000,170000,none
C,1,coum,3A,E37,20000,170000,none
C,1,coum,3A,ISM,0,170000,none
C,1,coum,3A,EE36,30000,170000,none
C,1,coum,3B,Y4I,0,110000,none
C,1,coum,3B,SE45,90000,110000,none
C,1,coum,3B,E37,10000,110000,none
C,1,coum,3B,ISM,0,110000,none
C,1,coum,3B,EE36,10000,110000,none
C,1,coum,3C,Y4I,0,80000,none
C,1,coum,3C,SE45,50000,80000,none
C,1,coum,3C,E37,10000,80000,none
C,1,coum,3C,ISM,0,80000,none
C,1,coum,3C,EE36,20000,80000,none
D,1,coum,1A,Y4I,20000,450000,none
D,1,coum,1A,SE45,350000,450000,none
D,1,coum,1A,E37,0,450000,none
D,1,coum,1A,ISM,0,450000,none
D,1,coum,1A,EE36,80000,450000,none
D,1,coum,1B,Y4I,30000,260000,none
D,1,coum,1B,SE45,170000,260000,none
D,1,coum,1B,E37,0,260000,none
D,1,coum,1B,ISM,30000,260000,none
D,1,coum,1B,EE36,30000,260000,none
D,1,coum,1C,Y4I,0,150000,none
D,1,coum,1C,SE45,40000,150000,none
D,1,coum,1C,E37,0,150000,none
D,1,coum,1C,ISM,0,150000,none
D,1,coum,1C,EE36,110000,150000,none
D,1,coum,3A,Y4I,10000,250000,none
D,1,coum,3A,SE45,240000,250000,none
D,1,coum,3A,E37,0,250000,none
D,1,coum,3A,ISM,0,250000,none
D,1,coum,3A,EE36,0,250000,none
D,1,coum,3B,Y4I,20000,470000,none
D,1,coum,3B,SE45,450000,470000,none
D,1,coum,3B,E37,0,470000,none
D,1,coum,3B,ISM,0,470000,none
D,1,coum,3B,EE36,0,470000,none
D,1,coum,3C,Y4I,10000,330000,none
D,1,coum,3C,SE45,300000,330000,none
D,1,coum,3C,E37,10000,330000,none
D,1,coum,3C,ISM,0,330000,none
D,1,coum,3C,EE36,10000,330000,none
E,1,coum,1A,Y4I,10000,190000,none
E,1,coum,1A,SE45,160000,190000,none
E,1,coum,1A,E37,0,190000,none
E,1,coum,1A,ISM,10000,190000,none
E,1,coum,1A,EE36,10000,190000,none
E,1,coum,1B,Y4I,0,420000,none
E,1,coum,1B,SE45,350000,420000,none
E,1,coum,1B,E37,0,420000,none
E,1,coum,1B,ISM,0,420000,none
E,1,coum,1B,EE36,70000,420000,none
E,1,coum,1C,Y4I,0,550000,none
E,1,coum,1C,SE45,490000,550000,none
E,1,coum,1C,E37,10000,550000,none
E,1,coum,1C,ISM,0,550000,none
E,1,coum,1C,EE36,50000,550000,none
E,1,coum,3A,Y4I,20000,580000,none
E,1,coum,3A,SE45,500000,580000,none
E,1,coum,3A,E37,20000,580000,none
E,1,coum,3A,ISM,0,580000,none
E,1,coum,3A,EE36,40000,580000,none
E,1,coum,3B,Y4I,10000,380000,none
E,1,coum,3B,SE45,320000,380000,none
E,1,coum,3B,E37,10000,380000,none
E,1,coum,3B,ISM,0,380000,none
E,1,coum,3B,EE36,40000,380000,none
E,1,coum,3C,Y4I,0,590000,none
E,1,coum,3C,SE45,490000,590000,none
E,1,coum,3C,E37,50000,590000,none
E,1,coum,3C,ISM,0,590000,none
E,1,coum,3C,EE36,50000,590000,none
A,4,coum,1A,Y4I,60000,260000,none
A,4,coum,1A,SE45,180000,260000,none
A,4,coum,1A,E37,0,260000,none
A,4,coum,1A,ISM,10000,260000,none
A,4,coum,1A,EE36,10000,260000,none
A,4,coum,1B,Y4I,50000,240000,none
A,4,coum,1B,SE45,190000,240000,none
A,4,coum,1B,E37,0,240000,none
A,4,coum,1B,ISM,0,240000,none
A,4,coum,1B,EE36,0,240000,none
A,4,coum,1C,Y4I,30000,190000,none
A,4,coum,1C,SE45,150000,190000,none
A,4,coum,1C,E37,10000,190000,none
A,4,coum,1C,ISM,0,190000,none
A,4,coum,1C,EE36,0,190000,none
A,4,coum,3A,Y4I,60000,280000,none
A,4,coum,3A,SE45,190000,280000,none
A,4,coum,3A,E37,10000,280000,none
A,4,coum,3A,ISM,20000,280000,none
A,4,coum,3A,EE36,0,280000,none
A,4,coum,3B,Y4I,10000,100000,none
A,4,coum,3B,SE45,60000,100000,none
A,4,coum,3B,E37,20000,100000,none
A,4,coum,3B,ISM,0,100000,none
A,4,coum,3B,EE36,10000,100000,none
A,4,coum,3C,Y4I,40000,250000,none
A,4,coum,3C,SE45,180000,250000,none
A,4,coum,3C,E37,30000,250000,none
A,4,coum,3C,ISM,0,250000,none
A,4,coum,3C,EE36,0,250000,none
B,4,coum,1A,Y4I,50000,400000,none
B,4,coum,1A,SE45,230000,400000,none
B,4,coum,1A,E37,100000,400000,none
B,4,coum,1A,ISM,20000,400000,none
B,4,coum,1A,EE36,0,400000,none
B,4,coum,1B,Y4I,10000,200000,none
B,4,coum,1B,SE45,160000,200000,none
B,4,coum,1B,E37,30000,200000,none
B,4,coum,1B,ISM,0,200000,none
B,4,coum,1B,EE36,0,200000,none
B,4,coum,1C,Y4I,10000,160000,none
B,4,coum,1C,SE45,140000,160000,none
B,4,coum,1C,E37,10000,160000,none
B,4,coum,1C,ISM,0,160000,none
B,4,coum,1C,EE36,0,160000,none
B,4,coum,3A,Y4I,40000,90000,none
B,4,coum,3A,SE45,50000,90000,none
B,4,coum,3A,E37,0,90000,none
B,4,coum,3A,ISM,0,90000,none
B,4,coum,3A,EE36,0,90000,none
B,4,coum,3B,Y4I,130000,240000,none
B,4,coum,3B,SE45,70000,240000,none
B,4,coum,3B,E37,10000,240000,none
B,4,coum,3B,ISM,30000,240000,none
B,4,coum,3B,EE36,0,240000,none
B,4,coum,3C,Y4I,0,80000,none
B,4,coum,3C,SE45,80000,80000,none
B,4,coum,3C,E37,0,80000,none
B,4,coum,3C,ISM,0,80000,none
B,4,coum,3C,EE36,0,80000,none
C,4,coum,1A,Y4I,140000,420000,none
C,4,coum,1A,SE45,220000,420000,none
C,4,coum,1A,E37,40000,420000,none
C,4,coum,1A,ISM,10000,420000,none
C,4,coum,1A,EE36,10000,420000,none
C,4,coum,1B,Y4I,10000,110000,none
C,4,coum,1B,SE45,60000,110000,none
C,4,coum,1B,E37,20000,110000,none
C,4,coum,1B,ISM,10000,110000,none
C,4,coum,1B,EE36,10000,110000,none
C,4,coum,1C,Y4I,10000,120000,none
C,4,coum,1C,SE45,110000,120000,none
C,4,coum,1C,E37,0,120000,none
C,4,coum,1C,ISM,0,120000,none
C,4,coum,1C,EE36,0,120000,none
C,4,coum,3A,Y4I,20000,60000,none
C,4,coum,3A,SE45,40000,60000,none
C,4,coum,3A,E37,0,60000,none
C,4,coum,3A,ISM,0,60000,none
C,4,coum,3A,EE36,0,60000,none
C,4,coum,3B,Y4I,10000,20000,none
C,4,coum,3B,SE45,10000,20000,none
C,4,coum,3B,E37,0,20000,none
C,4,coum,3B,ISM,0,20000,none
C,4,coum,3B,EE36,0,20000,none
C,4,coum,3C,Y4I,0,40000,none
C,4,coum,3C,SE45,40000,40000,none
C,4,coum,3C,E37,0,40000,none
C,4,coum,3C,ISM,0,40000,none
C,4,coum,3C,EE36,0,40000,none
D,4,coum,1A,Y4I,780000,1010000,none
D,4,coum,1A,SE45,190000,1010000,none
D,4,coum,1A,E37,0,1010000,none
D,4,coum,1A,ISM,40000,1010000,none
D,4,coum,1A,EE36,0,1010000,none
D,4,coum,1B,Y4I,10000,280000,none
D,4,coum,1B,SE45,230000,280000,none
D,4,coum,1B,E37,10000,280000,none
D,4,coum,1B,ISM,20000,280000,none
D,4,coum,1B,EE36,10000,280000,none
D,4,coum,1C,Y4I,0,270000,none
D,4,coum,1C,SE45,270000,270000,none
D,4,coum,1C,E37,0,270000,none
D,4,coum,1C,ISM,0,270000,none
D,4,coum,1C,EE36,0,270000,none
D,4,coum,3A,Y4I,410000,550000,none
D,4,coum,3A,SE45,120000,550000,none
D,4,coum,3A,E37,0,550000,none
D,4,coum,3A,ISM,10000,550000,none
D,4,coum,3A,EE36,10000,550000,none
D,4,coum,3B,Y4I,60000,200000,none
D,4,coum,3B,SE45,110000,200000,none
D,4,coum,3B,E37,10000,200000,none
D,4,coum,3B,ISM,0,200000,none
D,4,coum,3B,EE36,20000,200000,none
D,4,coum,3C,Y4I,70000,90000,none
D,4,coum,3C,SE45,20000,90000,none
D,4,coum,3C,E37,0,90000,none
D,4,coum,3C,ISM,0,90000,none
D,4,coum,3C,EE36,0,90000,none
E,4,coum,1A,Y4I,500000,500000,none
E,4,coum,1A,SE45,0,500000,none
E,4,coum,1A,E37,0,500000,none
E,4,coum,1A,ISM,0,500000,none
E,4,coum,1A,EE36,0,500000,none
E,4,coum,1B,Y4I,10000,80000,none
E,4,coum,1B,SE45,70000,80000,none
E,4,coum,1B,E37,0,80000,none
E,4,coum,1B,ISM,0,80000,none
E,4,coum,1B,EE36,0,80000,none
E,4,coum,1C,Y4I,10000,70000,none
E,4,coum,1C,SE45,60000,70000,none
E,4,coum,1C,E37,0,70000,none
E,4,coum,1C,ISM,0,70000,none
E,4,coum,1C,EE36,0,70000,none
E,4,coum,3A,Y4I,20000,330000,none
E,4,coum,3A,SE45,300000,330000,none
E,4,coum,3A,E37,0,330000,none
E,4,coum,3A,ISM,0,330000,none
E,4,coum,3A,EE36,10000,330000,none
E,4,coum,3B,Y4I,0,60000,none
E,4,coum,3B,SE45,60000,60000,none
E,4,coum,3B,E37,0,60000,none
E,4,coum,3B,ISM,0,60000,none
E,4,coum,3B,EE36,0,60000,none
E,4,coum,3C,Y4I,10000,150000,none
E,4,coum,3C,SE45,140000,150000,none
E,4,coum,3C,E37,0,150000,none
E,4,coum,3C,ISM,0,150000,none
E,4,coum,3C,EE36,0,150000,none
A,9,coum,1A,Y4I,145000,198000,none
A,9,coum,1A,SE45,50000,198000,none
A,9,coum,1A,E37,3000,198000,none
A,9,coum,1A,ISM,0,198000,none
A,9,coum,1A,EE36,0,198000,none
A,9,coum,1B,Y4I,184000,221000,none
A,9,coum,1B,SE45,35000,221000,none
A,9,coum,1B,E37,2000,221000,none
A,9,coum,1B,ISM,0,221000,none
A,9,coum,1B,EE36,0,221000,none
A,9,coum,1C,Y4I,94000,146000,none
A,9,coum,1C,SE45,48000,146000,none
A,9,coum,1C,E37,1000,146000,none
A,9,coum,1C,ISM,3000,146000,none
A,9,coum,1C,EE36,0,146000,none
A,9,coum,3A,Y4I,297000,399000,none
A,9,coum,3A,SE45,86000,399000,none
A,9,coum,3A,E37,14000,399000,none
A,9,coum,3A,ISM,2000,399000,none
A,9,coum,3A,EE36,0,399000,none
A,9,coum,3B,Y4I,163000,196000,none
A,9,coum,3B,SE45,27000,196000,none
A,9,coum,3B,E37,4000,196000,none
A,9,coum,3B,ISM,2000,196000,none
A,9,coum,3B,EE36,0,196000,none
A,9,coum,3C,Y4I,52000,78000,none
A,9,coum,3C,SE45,22000,78000,none
A,9,coum,3C,E37,4000,78000,none
A,9,coum,3C,ISM,0,78000,none
A,9,coum,3C,EE36,0,78000,none
B,9,coum,1A,Y4I,9000,44000,none
B,9,coum,1A,SE45,32000,44000,none
B,9,coum,1A,E37,3000,44000,none
B,9,coum,1A,ISM,0,44000,none
B,9,coum,1A,EE36,0,44000,none
B,9,coum,1B,Y4I,6000,44000,none
B,9,coum,1B,SE45,36000,44000,none
B,9,coum,1B,E37,0,44000,none
B,9,coum,1B,ISM,2000,44000,none
B,9,coum,1B,EE36,0,44000,none
B,9,coum,1C,Y4I,7000,61000,none
B,9,coum,1C,SE45,52000,61000,none
B,9,coum,1C,E37,1000,61000,none
B,9,coum,1C,ISM,1000,61000,none
B,9,coum,1C,EE36,0,61000,none
B,9,coum,3A,Y4I,299000,396000,none
B,9,coum,3A,SE45,82000,396000,none
B,9,coum,3A,E37,15000,396000,none
B,9,coum,3A,ISM,0,396000,none
B,9,coum,3A,EE36,0,396000,none
B,9,coum,3B,Y4I,180000,275000,none
B,9,coum,3B,SE45,69000,275000,none
B,9,coum,3B,E37,23000,275000,none
B,9,coum,3B,ISM,3000,275000,none
B,9,coum,3B,EE36,0,275000,none
B,9,coum,3C,Y4I,72000,156000,none
B,9,coum,3C,SE45,73000,156000,none
B,9,coum,3C,E37,10000,156000,none
B,9,coum,3C,ISM,1000,156000,none
B,9,coum,3C,EE36,0,156000,none
C,9,coum,1A,Y4I,126000,161000,none
C,9,coum,1A,SE45,31000,161000,none
C,9,coum,1A,E37,2000,161000,none
C,9,coum,1A,ISM,2000,161000,none
C,9,coum,1A,EE36,0,161000,none
C,9,coum,1B,Y4I,57000,98000,none
C,9,coum,1B,SE45,39000,98000,none
C,9,coum,1B,E37,2000,98000,none
C,9,coum,1B,ISM,0,98000,none
C,9,coum,1B,EE36,0,98000,none
C,9,coum,1C,Y4I,61000,91000,none
C,9,coum,1C,SE45,26000,91000,none
C,9,coum,1C,E37,3000,91000,none
C,9,coum,1C,ISM,1000,91000,none
C,9,coum,1C,EE36,0,91000,none
C,9,coum,3A,Y4I,326000,379000,none
C,9,coum,3A,SE45,52000,379000,none
C,9,coum,3A,E37,1000,379000,none
C,9,coum,3A,ISM,0,379000,none
C,9,coum,3A,EE36,0,379000,none
C,9,coum,3B,Y4I,74000,193000,none
C,9,coum,3B,SE45,102000,193000,none
C,9,coum,3B,E37,15000,193000,none
C,9,coum,3B,ISM,2000,193000,none
C,9,coum,3B,EE36,0,193000,none
C,9,coum,3C,Y4I,78000,137000,none
C,9,coum,3C,SE45,52000,137000,none
C,9,coum,3C,E37,7000,137000,none
C,9,coum,3C,ISM,0,137000,none
C,9,coum,3C,EE36,0,137000,none
D,9,coum,1A,Y4I,410000,440000,none
D,9,coum,1A,SE45,20000,440000,none
D,9,coum,1A,E37,0,440000,none
D,9,coum,1A,ISM,10000,440000,none
D,9,coum,1A,EE36,0,440000,none
D,9,coum,1B,Y4I,600000,670000,none
D,9,coum,1B,SE45,60000,670000,none
D,9,coum,1B,E37,10000,670000,none
D,9,coum,1B,ISM,0,670000,none
D,9,coum,1B,EE36,0,670000,none
D,9,coum,1C,Y4I,130000,208000,none
D,9,coum,1C,SE45,75000,208000,none
D,9,coum,1C,E37,3000,208000,none
D,9,coum,1C,ISM,0,208000,none
D,9,coum,1C,EE36,0,208000,none
D,9,coum,3A,Y4I,74000,140000,none
D,9,coum,3A,SE45,61000,140000,none
D,9,coum,3A,E37,4000,140000,none
D,9,coum,3A,ISM,1000,140000,none
D,9,coum,3A,EE36,0,140000,none
D,9,coum,3B,Y4I,39000,62000,none
D,9,coum,3B,SE45,22000,62000,none
D,9,coum,3B,E37,1000,62000,none
D,9,coum,3B,ISM,0,62000,none
D,9,coum,3B,EE36,0,62000,none
D,9,coum,3C,Y4I,84000,134000,none
D,9,coum,3C,SE45,47000,134000,none
D,9,coum,3C,E37,3000,134000,none
D,9,coum,3C,ISM,0,134000,none
D,9,coum,3C,EE36,0,134000,none
E,9,coum,1A,Y4I,0,40000,none
E,9,coum,1A,SE45,40000,40000,none
E,9,coum,1A,E37,0,40000,none
E,9,coum,1A,ISM,0,40000,none
E,9,coum,1A,EE36,0,40000,none
E,9,coum,1B,Y4I,0,21000,none
E,9,coum,1B,SE45,20000,21000,none
E,9,coum,1B,E37,0,21000,none
E,9,coum,1B,ISM,1000,21000,none
E,9,coum,1B,EE36,0,21000,none
E,9,coum,1C,Y4I,4000,15000,none
E,9,coum,1C,SE45,10000,15000,none
E,9,coum,1C,E37,1000,15000,none
E,9,coum,1C,ISM,0,15000,none
E,9,coum,1C,EE36,0,15000,none
E,9,coum,3A,Y4I,5000,20000,none
E,9,coum,3A,SE45,11000,20000,none
E,9,coum,3A,E37,4000,20000,none
E,9,coum,3A,ISM,0,20000,none
E,9,coum,3A,EE36,0,20000,none
E,9,coum,3B,Y4I,9000,57000,none
E,9,coum,3B,SE45,45000,57000,none
E,9,coum,3B,E37,3000,57000,none
E,9,coum,3B,ISM,0,57000,none
E,9,coum,3B,EE36,0,57000,none
E,9,coum,3C,Y4I,240000,292000,none
E,9,coum,3C,SE45,43000,292000,none
E,9,coum,3C,E37,5000,292000,none
E,9,coum,3C,ISM,4000,292000,none
E,9,coum,3C,EE36,0,292000,none
A,14,coum,1A,Y4I,128000,206000,none
A,14,coum,1A,SE45,69000,206000,none
A,14,coum,1A,E37,4000,206000,none
A,14,coum,1A,ISM,5000,206000,none
A,14,coum,1A,EE36,0,206000,none
A,14,coum,1B,Y4I,120000,179000,none
A,14,coum,1B,SE45,53000,179000,none
A,14,coum,1B,E37,5000,179000,none
A,14,coum,1B,ISM,1000,179000,none
A,14,coum,1B,EE36,0,179000,none
A,14,coum,1C,Y4I,145000,191000,none
A,14,coum,1C,SE45,42000,191000,none
A,14,coum,1C,E37,3000,191000,none
A,14,coum,1C,ISM,1000,191000,none
A,14,coum,1C,EE36,0,191000,none
A,14,coum,3A,Y4I,155000,208000,none
A,14,coum,3A,SE45,46000,208000,none
A,14,coum,3A,E37,2000,208000,none
A,14,coum,3A,ISM,5000,208000,none
A,14,coum,3A,EE36,0,208000,none
A,14,coum,3B,Y4I,231000,309000,none
A,14,coum,3B,SE45,70000,309000,none
A,14,coum,3B,E37,5000,309000,none
A,14,coum,3B,ISM,3000,309000,none
A,14,coum,3B,EE36,0,309000,none
A,14,coum,3C,Y4I,242000,295000,none
A,14,coum,3C,SE45,47000,295000,none
A,14,coum,3C,E37,0,295000,none
A,14,coum,3C,ISM,6000,295000,none
A,14,coum,3C,EE36,0,295000,none
B,14,coum,1A,Y4I,360000,480000,none
B,14,coum,1A,SE45,80000,480000,none
B,14,coum,1A,E37,10000,480000,none
B,14,coum,1A,ISM,20000,480000,none
B,14,coum,1A,EE36,10000,480000,none
B,14,coum,1B,Y4I,158000,211000,none
B,14,coum,1B,SE45,45000,211000,none
B,14,coum,1B,E37,5000,211000,none
B,14,coum,1B,ISM,3000,211000,none
B,14,coum,1B,EE36,0,211000,none
B,14,coum,1C,Y4I,226000,296000,none
B,14,coum,1C,SE45,58000,296000,none
B,14,coum,1C,E37,6000,296000,none
B,14,coum,1C,ISM,6000,296000,none
B,14,coum,1C,EE36,0,296000,none
B,14,coum,3A,Y4I,130000,143000,none
B,14,coum,3A,SE45,11000,143000,none
B,14,coum,3A,E37,1000,143000,none
B,14,coum,3A,ISM,1000,143000,none
B,14,coum,3A,EE36,0,143000,none
B,14,coum,3B,Y4I,128000,253000,none
B,14,coum,3B,SE45,110000,253000,none
B,14,coum,3B,E37,13000,253000,none
B,14,coum,3B,ISM,2000,253000,none
B,14,coum,3B,EE36,0,253000,none
B,14,coum,3C,Y4I,206000,257000,none
B,14,coum,3C,SE45,44000,257000,none
B,14,coum,3C,E37,3000,257000,none
B,14,coum,3C,ISM,3000,257000,none
B,14,coum,3C,EE36,1000,257000,none
C,14,coum,1A,Y4I,335000,414000,none
C,14,coum,1A,SE45,56000,414000,none
C,14,coum,1A,E37,11000,414000,none
C,14,coum,1A,ISM,12000,414000,none
C,14,coum,1A,EE36,0,414000,none
C,14,coum,1B,Y4I,36000,156000,none
C,14,coum,1B,SE45,115000,156000,none
C,14,coum,1B,E37,5000,156000,none
C,14,coum,1B,ISM,0,156000,none
C,14,coum,1B,EE36,0,156000,none
C,14,coum,1C,Y4I,27000,74000,none
C,14,coum,1C,SE45,41000,74000,none
C,14,coum,1C,E37,6000,74000,none
C,14,coum,1C,ISM,0,74000,none
C,14,coum,1C,EE36,0,74000,none
C,14,coum,3A,Y4I,315000,379000,none
C,14,coum,3A,SE45,45000,379000,none
C,14,coum,3A,E37,11000,379000,none
C,14,coum,3A,ISM,8000,379000,none
C,14,coum,3A,EE36,0,379000,none
C,14,coum,3B,Y4I,180000,255000,none
C,14,coum,3B,SE45,65000,255000,none
C,14,coum,3B,E37,7000,255000,none
C,14,coum,3B,ISM,3000,255000,none
C,14,coum,3B,EE36,0,255000,none
C,14,coum,3C,Y4I,182000,249000,none
C,14,coum,3C,SE45,56000,249001,none
C,14,coum,3C,E37,9000,249002,none
C,14,coum,3C,ISM,2000,249003,none
C,14,coum,3C,EE36,0,249004,none
D,14,coum,1A,Y4I,1200000,1340000,none
D,14,coum,1A,SE45,110000,1340000,none
D,14,coum,1A,E37,20000,1340000,none
D,14,coum,1A,ISM,10000,1340000,none
D,14,coum,1A,EE36,0,1340000,none
D,14,coum,1B,Y4I,329000,386000,none
D,14,coum,1B,SE45,43000,386000,none
D,14,coum,1B,E37,10000,386000,none
D,14,coum,1B,ISM,3000,386000,none
D,14,coum,1B,EE36,1000,386000,none
D,14,coum,1C,Y4I,436000,487000,none
D,14,coum,1C,SE45,33000,487000,none
D,14,coum,1C,E37,12000,487000,none
D,14,coum,1C,ISM,6000,487000,none
D,14,coum,1C,EE36,0,487000,none
D,14,coum,3A,Y4I,469000,580000,none
D,14,coum,3A,SE45,95000,580000,none
D,14,coum,3A,E37,13000,580000,none
D,14,coum,3A,ISM,3000,580000,none
D,14,coum,3A,EE36,0,580000,none
D,14,coum,3B,Y4I,265000,465000,none
D,14,coum,3B,SE45,177000,465000,none
D,14,coum,3B,E37,19000,465000,none
D,14,coum,3B,ISM,4000,465000,none
D,14,coum,3B,EE36,0,465000,none
D,14,coum,3C,Y4I,371000,421000,none
D,14,coum,3C,SE45,33000,421000,none
D,14,coum,3C,E37,11000,421000,none
D,14,coum,3C,ISM,6000,421000,none
D,14,coum,3C,EE36,0,421000,none
E,14,coum,1A,Y4I,193000,218000,none
E,14,coum,1A,SE45,19000,218000,none
E,14,coum,1A,E37,3000,218000,none
E,14,coum,1A,ISM,3000,218000,none
E,14,coum,1A,EE36,0,218000,none
E,14,coum,1B,Y4I,180000,198000,none
E,14,coum,1B,SE45,13000,198000,none
E,14,coum,1B,E37,3000,198000,none
E,14,coum,1B,ISM,2000,198000,none
E,14,coum,1B,EE36,0,198000,none
E,14,coum,1C,Y4I,166000,181000,none
E,14,coum,1C,SE45,8000,181000,none
E,14,coum,1C,E37,4000,181000,none
E,14,coum,1C,ISM,3000,181000,none
E,14,coum,1C,EE36,0,181000,none
E,14,coum,3A,Y4I,171000,195000,none
E,14,coum,3A,SE45,17000,195000,none
E,14,coum,3A,E37,4000,195000,none
E,14,coum,3A,ISM,3000,195000,none
E,14,coum,3A,EE36,0,195000,none
E,14,coum,3B,Y4I,320000,360000,none
E,14,coum,3B,SE45,26000,360000,none
E,14,coum,3B,E37,13000,360000,none
E,14,coum,3B,ISM,1000,360000,none
E,14,coum,3B,EE36,0,360000,none
E,14,coum,3C,Y4I,182000,241000,none
E,14,coum,3C,SE45,50000,241000,none
E,14,coum,3C,E37,6000,241000,none
E,14,coum,3C,ISM,3000,241000,none
E,14,coum,3C,EE36,0,241000,none
A,0,YTSS,1A,Y4I,3000,22000,none
A,0,YTSS,1A,SE45,1000,22000,none
A,0,YTSS,1A,E37,5000,22000,none
A,0,YTSS,1A,ISM,7000,22000,none
A,0,YTSS,1A,EE36,6000,22000,none
A,0,YTSS,1B,Y4I,0,14000,none
A,0,YTSS,1B,SE45,0,14000,none
A,0,YTSS,1B,E37,2000,14000,none
A,0,YTSS,1B,ISM,8000,14000,none
A,0,YTSS,1B,EE36,4000,14000,none
A,0,YTSS,1C,Y4I,0,8000,none
A,0,YTSS,1C,SE45,0,8000,none
A,0,YTSS,1C,E37,2000,8000,none
A,0,YTSS,1C,ISM,6000,8000,none
A,0,YTSS,1C,EE36,0,8000,none
A,0,YTSS,2A,Y4I,2000,10000,none
A,0,YTSS,2A,SE45,1000,10000,none
A,0,YTSS,2A,E37,4000,10000,none
A,0,YTSS,2A,ISM,0,10000,none
A,0,YTSS,2A,EE36,3000,10000,none
A,0,YTSS,2B,Y4I,0,4000,none
A,0,YTSS,2B,SE45,0,4000,none
A,0,YTSS,2B,E37,2000,4000,none
A,0,YTSS,2B,ISM,1000,4000,none
A,0,YTSS,2B,EE36,1000,4000,none
A,0,YTSS,2C,Y4I,0,9000,none
A,0,YTSS,2C,SE45,2000,9000,none
A,0,YTSS,2C,E37,3000,9000,none
A,0,YTSS,2C,ISM,1000,9000,none
A,0,YTSS,2C,EE36,3000,9000,none
A,0,YTSS,3A,Y4I,0,12000,none
A,0,YTSS,3A,SE45,0,12000,none
A,0,YTSS,3A,E37,3000,12000,none
A,0,YTSS,3A,ISM,4000,12000,none
A,0,YTSS,3A,EE36,5000,12000,none
A,0,YTSS,3B,Y4I,0,5000,none
A,0,YTSS,3B,SE45,0,5000,none
A,0,YTSS,3B,E37,1000,5000,none
A,0,YTSS,3B,ISM,3000,5000,none
A,0,YTSS,3B,EE36,1000,5000,none
A,0,YTSS,3C,Y4I,0,6000,none
A,0,YTSS,3C,SE45,1000,6000,none
A,0,YTSS,3C,E37,0,6000,none
A,0,YTSS,3C,ISM,4000,6000,none
A,0,YTSS,3C,EE36,1000,6000,none
B,0,YTSS,1A,Y4I,7000,48000,none
B,0,YTSS,1A,SE45,0,48000,none
B,0,YTSS,1A,E37,13000,48000,none
B,0,YTSS,1A,ISM,26000,48000,none
B,0,YTSS,1A,EE36,2000,48000,none
B,0,YTSS,1B,Y4I,2000,35000,none
B,0,YTSS,1B,SE45,0,35000,none
B,0,YTSS,1B,E37,8000,35000,none
B,0,YTSS,1B,ISM,14000,35000,none
B,0,YTSS,1B,EE36,11000,35000,none
B,0,YTSS,1C,Y4I,1000,16000,none
B,0,YTSS,1C,SE45,0,16000,none
B,0,YTSS,1C,E37,5000,16000,none
B,0,YTSS,1C,ISM,8000,16000,none
B,0,YTSS,1C,EE36,2000,16000,none
B,0,YTSS,2A,Y4I,3000,21000,none
B,0,YTSS,2A,SE45,0,21000,none
B,0,YTSS,2A,E37,9000,21000,none
B,0,YTSS,2A,ISM,2000,21000,none
B,0,YTSS,2A,EE36,7000,21000,none
B,0,YTSS,2B,Y4I,7000,23000,none
B,0,YTSS,2B,SE45,0,23000,none
B,0,YTSS,2B,E37,12000,23000,none
B,0,YTSS,2B,ISM,3000,23000,none
B,0,YTSS,2B,EE36,1000,23000,none
B,0,YTSS,2C,Y4I,2000,10000,none
B,0,YTSS,2C,SE45,0,10000,none
B,0,YTSS,2C,E37,1000,10000,none
B,0,YTSS,2C,ISM,1000,10000,none
B,0,YTSS,2C,EE36,6000,10000,none
B,0,YTSS,3A,Y4I,10000,28000,none
B,0,YTSS,3A,SE45,2000,28000,none
B,0,YTSS,3A,E37,6000,28000,none
B,0,YTSS,3A,ISM,4000,28000,none
B,0,YTSS,3A,EE36,6000,28000,none
B,0,YTSS,3B,Y4I,2000,21000,none
B,0,YTSS,3B,SE45,0,21000,none
B,0,YTSS,3B,E37,2000,21000,none
B,0,YTSS,3B,ISM,15000,21000,none
B,0,YTSS,3B,EE36,2000,21000,none
B,0,YTSS,3C,Y4I,2000,14000,none
B,0,YTSS,3C,SE45,1000,14000,none
B,0,YTSS,3C,E37,5000,14000,none
B,0,YTSS,3C,ISM,3000,14000,none
B,0,YTSS,3C,EE36,3000,14000,none
C,0,YTSS,1A,Y4I,4000,26000,none
C,0,YTSS,1A,SE45,2000,26000,none
C,0,YTSS,1A,E37,8000,26000,none
C,0,YTSS,1A,ISM,7000,26000,none
C,0,YTSS,1A,EE36,5000,26000,none
C,0,YTSS,1B,Y4I,8000,36000,none
C,0,YTSS,1B,SE45,2000,36000,none
C,0,YTSS,1B,E37,7000,36000,none
C,0,YTSS,1B,ISM,15000,36000,none
C,0,YTSS,1B,EE36,4000,36000,none
C,0,YTSS,1C,Y4I,1000,14000,none
C,0,YTSS,1C,SE45,0,14000,none
C,0,YTSS,1C,E37,3000,14000,none
C,0,YTSS,1C,ISM,6000,14000,none
C,0,YTSS,1C,EE36,4000,14000,none
C,0,YTSS,2A,Y4I,9000,27000,none
C,0,YTSS,2A,SE45,1000,27000,none
C,0,YTSS,2A,E37,10000,27000,none
C,0,YTSS,2A,ISM,4000,27000,none
C,0,YTSS,2A,EE36,3000,27000,none
C,0,YTSS,2B,Y4I,1000,17000,none
C,0,YTSS,2B,SE45,1000,17000,none
C,0,YTSS,2B,E37,4000,17000,none
C,0,YTSS,2B,ISM,4000,17000,none
C,0,YTSS,2B,EE36,7000,17000,none
C,0,YTSS,2C,Y4I,2000,16000,none
C,0,YTSS,2C,SE45,1000,16000,none
C,0,YTSS,2C,E37,3000,16000,none
C,0,YTSS,2C,ISM,2000,16000,none
C,0,YTSS,2C,EE36,8000,16000,none
C,0,YTSS,3A,Y4I,93000,139000,none
C,0,YTSS,3A,SE45,2000,139000,none
C,0,YTSS,3A,E37,10000,139000,none
C,0,YTSS,3A,ISM,28000,139000,none
C,0,YTSS,3A,EE36,6000,139000,none
C,0,YTSS,3B,Y4I,38000,68000,none
C,0,YTSS,3B,SE45,0,68000,none
C,0,YTSS,3B,E37,8000,68000,none
C,0,YTSS,3B,ISM,18000,68000,none
C,0,YTSS,3B,EE36,4000,68000,none
C,0,YTSS,3C,Y4I,107000,149000,none
C,0,YTSS,3C,SE45,0,149000,none
C,0,YTSS,3C,E37,12000,149000,none
C,0,YTSS,3C,ISM,26000,149000,none
C,0,YTSS,3C,EE36,4000,149000,none
D,0,YTSS,1A,Y4I,9000,30000,none
D,0,YTSS,1A,SE45,1000,30000,none
D,0,YTSS,1A,E37,3000,30000,none
D,0,YTSS,1A,ISM,10000,30000,none
D,0,YTSS,1A,EE36,7000,30000,none
D,0,YTSS,1B,Y4I,2000,17000,none
D,0,YTSS,1B,SE45,0,17000,none
D,0,YTSS,1B,E37,3000,17000,none
D,0,YTSS,1B,ISM,5000,17000,none
D,0,YTSS,1B,EE36,7000,17000,none
D,0,YTSS,1C,Y4I,0,23000,none
D,0,YTSS,1C,SE45,2000,23000,none
D,0,YTSS,1C,E37,4000,23000,none
D,0,YTSS,1C,ISM,10000,23000,none
D,0,YTSS,1C,EE36,7000,23000,none
D,0,YTSS,2A,Y4I,6000,22000,none
D,0,YTSS,2A,SE45,2000,22000,none
D,0,YTSS,2A,E37,7000,22000,none
D,0,YTSS,2A,ISM,5000,22000,none
D,0,YTSS,2A,EE36,2000,22000,none
D,0,YTSS,2B,Y4I,9000,23000,none
D,0,YTSS,2B,SE45,1000,23000,none
D,0,YTSS,2B,E37,7000,23000,none
D,0,YTSS,2B,ISM,2000,23000,none
D,0,YTSS,2B,EE36,4000,23000,none
D,0,YTSS,2C,Y4I,2000,16000,none
D,0,YTSS,2C,SE45,1000,16000,none
D,0,YTSS,2C,E37,9000,16000,none
D,0,YTSS,2C,ISM,2000,16000,none
D,0,YTSS,2C,EE36,2000,16000,none
D,0,YTSS,3A,Y4I,2000,35000,none
D,0,YTSS,3A,SE45,0,35000,none
D,0,YTSS,3A,E37,14000,35000,none
D,0,YTSS,3A,ISM,18000,35000,none
D,0,YTSS,3A,EE36,1000,35000,none
D,0,YTSS,3B,Y4I,4000,29000,none
D,0,YTSS,3B,SE45,0,29000,none
D,0,YTSS,3B,E37,7000,29000,none
D,0,YTSS,3B,ISM,12000,29000,none
D,0,YTSS,3B,EE36,6000,29000,none
D,0,YTSS,3C,Y4I,9000,38000,none
D,0,YTSS,3C,SE45,0,38000,none
D,0,YTSS,3C,E37,7000,38000,none
D,0,YTSS,3C,ISM,20000,38000,none
D,0,YTSS,3C,EE36,2000,38000,none
E,0,YTSS,1A,Y4I,8000,40000,none
E,0,YTSS,1A,SE45,2000,40000,none
E,0,YTSS,1A,E37,10000,40000,none
E,0,YTSS,1A,ISM,15000,40000,none
E,0,YTSS,1A,EE36,5000,40000,none
E,0,YTSS,1B,Y4I,5000,21000,none
E,0,YTSS,1B,SE45,1000,21000,none
E,0,YTSS,1B,E37,3000,21000,none
E,0,YTSS,1B,ISM,6000,21000,none
E,0,YTSS,1B,EE36,6000,21000,none
E,0,YTSS,1C,Y4I,5000,27000,none
E,0,YTSS,1C,SE45,2000,27000,none
E,0,YTSS,1C,E37,8000,27000,none
E,0,YTSS,1C,ISM,9000,27000,none
E,0,YTSS,1C,EE36,3000,27000,none
E,0,YTSS,2A,Y4I,12000,34000,none
E,0,YTSS,2A,SE45,3000,34000,none
E,0,YTSS,2A,E37,11000,34000,none
E,0,YTSS,2A,ISM,4000,34000,none
E,0,YTSS,2A,EE36,4000,34000,none
E,0,YTSS,2B,Y4I,13000,41000,none
E,0,YTSS,2B,SE45,1000,41000,none
E,0,YTSS,2B,E37,10000,41000,none
E,0,YTSS,2B,ISM,7000,41000,none
E,0,YTSS,2B,EE36,10000,41000,none
E,0,YTSS,2C,Y4I,10000,32000,none
E,0,YTSS,2C,SE45,3000,32000,none
E,0,YTSS,2C,E37,8000,32000,none
E,0,YTSS,2C,ISM,6000,32000,none
E,0,YTSS,2C,EE36,5000,32000,none
E,0,YTSS,3A,Y4I,14000,85000,none
E,0,YTSS,3A,SE45,2000,85000,none
E,0,YTSS,3A,E37,17000,85000,none
E,0,YTSS,3A,ISM,38000,85000,none
E,0,YTSS,3A,EE36,14000,85000,none
E,0,YTSS,3B,Y4I,3000,38000,none
E,0,YTSS,3B,SE45,1000,38000,none
E,0,YTSS,3B,E37,6000,38000,none
E,0,YTSS,3B,ISM,23000,38000,none
E,0,YTSS,3B,EE36,5000,38000,none
E,0,YTSS,3C,Y4I,13000,67000,none
E,0,YTSS,3C,SE45,3000,67000,none
E,0,YTSS,3C,E37,15000,67000,none
E,0,YTSS,3C,ISM,28000,67000,none
E,0,YTSS,3C,EE36,8000,67000,none
A,20,YTSS,1A,Y4I,620000,1120000,none
A,20,YTSS,1A,SE45,10000,1120000,none
A,20,YTSS,1A,E37,0,1120000,none
A,20,YTSS,1A,ISM,270000,1120000,none
A,20,YTSS,1A,EE36,220000,1120000,none
A,20,YTSS,1B,Y4I,1090000,2040000,none
A,20,YTSS,1B,SE45,20000,2040000,none
A,20,YTSS,1B,E37,0,2040000,none
A,20,YTSS,1B,ISM,560000,2040000,none
A,20,YTSS,1B,EE36,370000,2040000,none
A,20,YTSS,1C,Y4I,500000,820000,none
A,20,YTSS,1C,SE45,50000,820000,none
A,20,YTSS,1C,E37,0,820000,none
A,20,YTSS,1C,ISM,140000,820000,none
A,20,YTSS,1C,EE36,130000,820000,none
A,20,YTSS,2A,Y4I,800000,1280000,none
A,20,YTSS,2A,SE45,20000,1280000,none
A,20,YTSS,2A,E37,0,1280000,none
A,20,YTSS,2A,ISM,240000,1280000,none
A,20,YTSS,2A,EE36,220000,1280000,none
A,20,YTSS,2B,Y4I,610000,1220000,none
A,20,YTSS,2B,SE45,20000,1220000,none
A,20,YTSS,2B,E37,10000,1220000,none
A,20,YTSS,2B,ISM,160000,1220000,none
A,20,YTSS,2B,EE36,420000,1220000,none
A,20,YTSS,2C,Y4I,690000,1070000,none
A,20,YTSS,2C,SE45,10000,1070000,none
A,20,YTSS,2C,E37,0,1070000,none
A,20,YTSS,2C,ISM,100000,1070000,none
A,20,YTSS,2C,EE36,270000,1070000,none
A,20,YTSS,3A,Y4I,1250000,2000000,none
A,20,YTSS,3A,SE45,10000,2000000,none
A,20,YTSS,3A,E37,0,2000000,none
A,20,YTSS,3A,ISM,500000,2000000,none
A,20,YTSS,3A,EE36,240000,2000000,none
A,20,YTSS,3B,Y4I,950000,1600000,none
A,20,YTSS,3B,SE45,80000,1600000,none
A,20,YTSS,3B,E37,0,1600000,none
A,20,YTSS,3B,ISM,360000,1600000,none
A,20,YTSS,3B,EE36,230000,1600000,none
A,20,YTSS,3C,Y4I,860000,1860000,none
A,20,YTSS,3C,SE45,50000,1860000,none
A,20,YTSS,3C,E37,0,1860000,none
A,20,YTSS,3C,ISM,400000,1860000,none
A,20,YTSS,3C,EE36,550000,1860000,none
B,20,YTSS,1A,Y4I,340000,620000,none
B,20,YTSS,1A,SE45,10000,620000,none
B,20,YTSS,1A,E37,30000,620000,none
B,20,YTSS,1A,ISM,160000,620000,none
B,20,YTSS,1A,EE36,80000,620000,none
B,20,YTSS,1B,Y4I,1150000,2150000,none
B,20,YTSS,1B,SE45,60000,2150000,none
B,20,YTSS,1B,E37,80000,2150000,none
B,20,YTSS,1B,ISM,580000,2150000,none
B,20,YTSS,1B,EE36,280000,2150000,none
B,20,YTSS,1C,Y4I,960000,1540000,none
B,20,YTSS,1C,SE45,10000,1540000,none
B,20,YTSS,1C,E37,0,1540000,none
B,20,YTSS,1C,ISM,300000,1540000,none
B,20,YTSS,1C,EE36,270000,1540000,none
B,20,YTSS,2A,Y4I,400000,600000,none
B,20,YTSS,2A,SE45,0,600000,none
B,20,YTSS,2A,E37,0,600000,none
B,20,YTSS,2A,ISM,100000,600000,none
B,20,YTSS,2A,EE36,100000,600000,none
B,20,YTSS,2B,Y4I,1370000,1920000,none
B,20,YTSS,2B,SE45,10000,1920000,none
B,20,YTSS,2B,E37,0,1920000,none
B,20,YTSS,2B,ISM,230000,1920000,none
B,20,YTSS,2B,EE36,310000,1920000,none
B,20,YTSS,2C,Y4I,1000000,1580000,none
B,20,YTSS,2C,SE45,40000,1580000,none
B,20,YTSS,2C,E37,0,1580000,none
B,20,YTSS,2C,ISM,140000,1580000,none
B,20,YTSS,2C,EE36,400000,1580000,none
B,20,YTSS,3A,Y4I,580000,1110000,none
B,20,YTSS,3A,SE45,30000,1110000,none
B,20,YTSS,3A,E37,0,1110000,none
B,20,YTSS,3A,ISM,270000,1110000,none
B,20,YTSS,3A,EE36,230000,1110000,none
B,20,YTSS,3B,Y4I,750000,1520000,none
B,20,YTSS,3B,SE45,20000,1520000,none
B,20,YTSS,3B,E37,20000,1520000,none
B,20,YTSS,3B,ISM,250000,1520000,none
B,20,YTSS,3B,EE36,480000,1520000,none
B,20,YTSS,3C,Y4I,760000,1260000,none
B,20,YTSS,3C,SE45,10000,1260000,none
B,20,YTSS,3C,E37,20000,1260000,none
B,20,YTSS,3C,ISM,300000,1260000,none
B,20,YTSS,3C,EE36,170000,1260000,none
C,20,YTSS,1A,Y4I,5500000,6600000,none
C,20,YTSS,1A,SE45,100000,6600000,none
C,20,YTSS,1A,E37,0,6600000,none
C,20,YTSS,1A,ISM,1000000,6600000,none
C,20,YTSS,1A,EE36,0,6600000,none
C,20,YTSS,1B,Y4I,600000,600000,none
C,20,YTSS,1B,SE45,0,600000,none
C,20,YTSS,1B,E37,0,600000,none
C,20,YTSS,1B,ISM,0,600000,none
C,20,YTSS,1B,EE36,0,600000,none
C,20,YTSS,1C,Y4I,600000,1200000,none
C,20,YTSS,1C,SE45,0,1200000,none
C,20,YTSS,1C,E37,0,1200000,none
C,20,YTSS,1C,ISM,600000,1200000,none
C,20,YTSS,1C,EE36,0,1200000,none
C,20,YTSS,2A,Y4I,7300000,8200000,none
C,20,YTSS,2A,SE45,0,8200000,none
C,20,YTSS,2A,E37,0,8200000,none
C,20,YTSS,2A,ISM,600000,8200000,none
C,20,YTSS,2A,EE36,300000,8200000,none
C,20,YTSS,2B,Y4I,3700000,4100000,none
C,20,YTSS,2B,SE45,0,4100000,none
C,20,YTSS,2B,E37,0,4100000,none
C,20,YTSS,2B,ISM,200000,4100000,none
C,20,YTSS,2B,EE36,200000,4100000,none
C,20,YTSS,2C,Y4I,1200000,1500000,none
C,20,YTSS,2C,SE45,0,1500000,none
C,20,YTSS,2C,E37,100000,1500000,none
C,20,YTSS,2C,ISM,200000,1500000,none
C,20,YTSS,2C,EE36,0,1500000,none
C,20,YTSS,3A,Y4I,2100000,2200000,none
C,20,YTSS,3A,SE45,0,2200000,none
C,20,YTSS,3A,E37,0,2200000,none
C,20,YTSS,3A,ISM,100000,2200000,none
C,20,YTSS,3A,EE36,0,2200000,none
C,20,YTSS,3B,Y4I,3000000,3300000,none
C,20,YTSS,3B,SE45,0,3300000,none
C,20,YTSS,3B,E37,0,3300000,none
C,20,YTSS,3B,ISM,300000,3300000,none
C,20,YTSS,3B,EE36,0,3300000,none
C,20,YTSS,3C,Y4I,1400000,1700000,none
C,20,YTSS,3C,SE45,0,1700000,none
C,20,YTSS,3C,E37,0,1700000,none
C,20,YTSS,3C,ISM,300000,1700000,none
C,20,YTSS,3C,EE36,0,1700000,none
D,20,YTSS,1A,Y4I,13800000,19400000,none
D,20,YTSS,1A,SE45,1300000,19400000,none
D,20,YTSS,1A,E37,0,19400000,none
D,20,YTSS,1A,ISM,2200000,19400000,none
D,20,YTSS,1A,EE36,2100000,19400000,none
D,20,YTSS,1B,Y4I,9500000,11400000,none
D,20,YTSS,1B,SE45,0,11400000,none
D,20,YTSS,1B,E37,0,11400000,none
D,20,YTSS,1B,ISM,1200000,11400000,none
D,20,YTSS,1B,EE36,700000,11400000,none
D,20,YTSS,1C,Y4I,7300000,10200000,none
D,20,YTSS,1C,SE45,800000,10200000,none
D,20,YTSS,1C,E37,0,10200000,none
D,20,YTSS,1C,ISM,800000,10200000,none
D,20,YTSS,1C,EE36,1300000,10200000,none
D,20,YTSS,2A,Y4I,35000000,41000000,none
D,20,YTSS,2A,SE45,2000000,41000000,none
D,20,YTSS,2A,E37,0,41000000,none
D,20,YTSS,2A,ISM,0,41000000,none
D,20,YTSS,2A,EE36,4000000,41000000,none
D,20,YTSS,2B,Y4I,40000000,41000000,none
D,20,YTSS,2B,SE45,0,41000000,none
D,20,YTSS,2B,E37,0,41000000,none
D,20,YTSS,2B,ISM,0,41000000,none
D,20,YTSS,2B,EE36,1000000,41000000,none
D,20,YTSS,2C,Y4I,35000000,37000000,none
D,20,YTSS,2C,SE45,0,37000000,none
D,20,YTSS,2C,E37,0,37000000,none
D,20,YTSS,2C,ISM,1000000,37000000,none
D,20,YTSS,2C,EE36,1000000,37000000,none
D,20,YTSS,3A,Y4I,33000000,34000000,none
D,20,YTSS,3A,SE45,0,34000000,none
D,20,YTSS,3A,E37,0,34000000,none
D,20,YTSS,3A,ISM,1000000,34000000,none
D,20,YTSS,3A,EE36,0,34000000,none
D,20,YTSS,3B,Y4I,21000000,23000000,none
D,20,YTSS,3B,SE45,0,23000000,none
D,20,YTSS,3B,E37,0,23000000,none
D,20,YTSS,3B,ISM,2000000,23000000,none
D,20,YTSS,3B,EE36,0,23000000,none
D,20,YTSS,3C,Y4I,44000000,49000000,none
D,20,YTSS,3C,SE45,0,49000000,none
D,20,YTSS,3C,E37,0,49000000,none
D,20,YTSS,3C,ISM,4000000,49000000,none
D,20,YTSS,3C,EE36,1000000,49000000,none
E,20,YTSS,1A,Y4I,23000000,26000000,none
E,20,YTSS,1A,SE45,0,26000000,none
E,20,YTSS,1A,E37,0,26000000,none
E,20,YTSS,1A,ISM,1000000,26000000,none
E,20,YTSS,1A,EE36,2000000,26000000,none
E,20,YTSS,1B,Y4I,36000000,36000000,none
E,20,YTSS,1B,SE45,0,36000000,none
E,20,YTSS,1B,E37,0,36000000,none
E,20,YTSS,1B,ISM,0,36000000,none
E,20,YTSS,1B,EE36,0,36000000,none
E,20,YTSS,1C,Y4I,20000000,26000000,none
E,20,YTSS,1C,SE45,0,26000000,none
E,20,YTSS,1C,E37,0,26000000,none
E,20,YTSS,1C,ISM,6000000,26000000,none
E,20,YTSS,1C,EE36,0,26000000,none
E,20,YTSS,2A,Y4I,38000000,39000000,none
E,20,YTSS,2A,SE45,0,39000000,none
E,20,YTSS,2A,E37,0,39000000,none
E,20,YTSS,2A,ISM,1000000,39000000,none
E,20,YTSS,2A,EE36,0,39000000,none
E,20,YTSS,2B,Y4I,28000000,33000000,none
E,20,YTSS,2B,SE45,0,33000000,none
E,20,YTSS,2B,E37,0,33000000,none
E,20,YTSS,2B,ISM,0,33000000,none
E,20,YTSS,2B,EE36,5000000,33000000,none
E,20,YTSS,2C,Y4I,26000000,26000000,none
E,20,YTSS,2C,SE45,0,26000000,none
E,20,YTSS,2C,E37,0,26000000,none
E,20,YTSS,2C,ISM,0,26000000,none
E,20,YTSS,2C,EE36,0,26000000,none
E,20,YTSS,3A,Y4I,30000000,33000000,none
E,20,YTSS,3A,SE45,0,33000000,none
E,20,YTSS,3A,E37,0,33000000,none
E,20,YTSS,3A,ISM,3000000,33000000,none
E,20,YTSS,3A,EE36,0,33000000,none
E,20,YTSS,3B,Y4I,5800000,6400000,none
E,20,YTSS,3B,SE45,0,6400000,none
E,20,YTSS,3B,E37,0,6400000,none
E,20,YTSS,3B,ISM,400000,6400000,none
E,20,YTSS,3B,EE36,200000,6400000,none
E,20,YTSS,3C,Y4I,33000000,41000000,none
E,20,YTSS,3C,SE45,0,41000000,none
E,20,YTSS,3C,E37,0,41000000,none
E,20,YTSS,3C,ISM,8000000,41000000,none
E,20,YTSS,3C,EE36,0,41000000,none
A,44,YTSS,1A,Y4I,7300000,10200000,none
A,44,YTSS,1A,SE45,400000,10200000,none
A,44,YTSS,1A,E37,0,10200000,none
A,44,YTSS,1A,ISM,1100000,10200000,none
A,44,YTSS,1A,EE36,1400000,10200000,none
A,44,YTSS,1B,Y4I,4100000,5700000,none
A,44,YTSS,1B,SE45,100000,5700000,none
A,44,YTSS,1B,E37,0,5700000,none
A,44,YTSS,1B,ISM,800000,5700000,none
A,44,YTSS,1B,EE36,700000,5700000,none
A,44,YTSS,1C,Y4I,6700000,7600000,none
A,44,YTSS,1C,SE45,100000,7600000,none
A,44,YTSS,1C,E37,0,7600000,none
A,44,YTSS,1C,ISM,500000,7600000,none
A,44,YTSS,1C,EE36,300000,7600000,none
A,44,YTSS,2A,Y4I,,,none
A,44,YTSS,2A,SE45,,,none
A,44,YTSS,2A,E37,,,none
A,44,YTSS,2A,ISM,,,none
A,44,YTSS,2A,EE36,,,none
A,44,YTSS,2B,Y4I,2270000,3630000,none
A,44,YTSS,2B,SE45,260000,3630000,none
A,44,YTSS,2B,E37,0,3630000,none
A,44,YTSS,2B,ISM,210000,3630000,none
A,44,YTSS,2B,EE36,890000,3630000,none
A,44,YTSS,2C,Y4I,2000000,3100000,none
A,44,YTSS,2C,SE45,100000,3100000,none
A,44,YTSS,2C,E37,0,3100000,none
A,44,YTSS,2C,ISM,700000,3100000,none
A,44,YTSS,2C,EE36,300000,3100000,none
A,44,YTSS,3A,Y4I,3100000,4200000,none
A,44,YTSS,3A,SE45,600000,4200000,none
A,44,YTSS,3A,E37,0,4200000,none
A,44,YTSS,3A,ISM,500000,4200000,none
A,44,YTSS,3A,EE36,0,4200000,none
A,44,YTSS,3B,Y4I,1690000,2980000,none
A,44,YTSS,3B,SE45,120000,2980000,none
A,44,YTSS,3B,E37,10000,2980000,none
A,44,YTSS,3B,ISM,610000,2980000,none
A,44,YTSS,3B,EE36,550000,2980000,none
A,44,YTSS,3C,Y4I,1800000,2940000,none
A,44,YTSS,3C,SE45,70000,2940000,none
A,44,YTSS,3C,E37,0,2940000,none
A,44,YTSS,3C,ISM,490000,2940000,none
A,44,YTSS,3C,EE36,580000,2940000,none
B,44,YTSS,1A,Y4I,480000,850000,none
B,44,YTSS,1A,SE45,10000,850000,none
B,44,YTSS,1A,E37,10000,850000,none
B,44,YTSS,1A,ISM,80000,850000,none
B,44,YTSS,1A,EE36,270000,850000,none
B,44,YTSS,1B,Y4I,450000,940000,none
B,44,YTSS,1B,SE45,0,940000,none
B,44,YTSS,1B,E37,0,940000,none
B,44,YTSS,1B,ISM,170000,940000,none
B,44,YTSS,1B,EE36,320000,940000,none
B,44,YTSS,1C,Y4I,980000,1590000,none
B,44,YTSS,1C,SE45,50000,1590000,none
B,44,YTSS,1C,E37,0,1590000,none
B,44,YTSS,1C,ISM,310000,1590000,none
B,44,YTSS,1C,EE36,250000,1590000,none
B,44,YTSS,2A,Y4I,1770000,3260000,none
B,44,YTSS,2A,SE45,350000,3260000,none
B,44,YTSS,2A,E37,0,3260000,none
B,44,YTSS,2A,ISM,170000,3260000,none
B,44,YTSS,2A,EE36,970000,3260000,none
B,44,YTSS,2B,Y4I,2120000,4240000,none
B,44,YTSS,2B,SE45,340000,4240000,none
B,44,YTSS,2B,E37,10000,4240000,none
B,44,YTSS,2B,ISM,370000,4240000,none
B,44,YTSS,2B,EE36,1400000,4240000,none
B,44,YTSS,2C,Y4I,1150000,2010000,none
B,44,YTSS,2C,SE45,110000,2010000,none
B,44,YTSS,2C,E37,0,2010000,none
B,44,YTSS,2C,ISM,120000,2010000,none
B,44,YTSS,2C,EE36,630000,2010000,none
B,44,YTSS,3A,Y4I,6900000,7700000,none
B,44,YTSS,3A,SE45,300000,7700000,none
B,44,YTSS,3A,E37,0,7700000,none
B,44,YTSS,3A,ISM,300000,7700000,none
B,44,YTSS,3A,EE36,200000,7700000,none
B,44,YTSS,3B,Y4I,1080000,2080000,none
B,44,YTSS,3B,SE45,50000,2080000,none
B,44,YTSS,3B,E37,0,2080000,none
B,44,YTSS,3B,ISM,250000,2080000,none
B,44,YTSS,3B,EE36,700000,2080000,none
B,44,YTSS,3C,Y4I,1880000,2920000,none
B,44,YTSS,3C,SE45,110000,2920000,none
B,44,YTSS,3C,E37,10000,2920000,none
B,44,YTSS,3C,ISM,390000,2920000,none
B,44,YTSS,3C,EE36,530000,2920000,none
C,44,YTSS,1A,Y4I,11900000,13100000,none
C,44,YTSS,1A,SE45,400000,13100000,none
C,44,YTSS,1A,E37,0,13100000,none
C,44,YTSS,1A,ISM,200000,13100000,none
C,44,YTSS,1A,EE36,600000,13100000,none
C,44,YTSS,1B,Y4I,2100000,2700000,none
C,44,YTSS,1B,SE45,200000,2700000,none
C,44,YTSS,1B,E37,0,2700000,none
C,44,YTSS,1B,ISM,100000,2700000,none
C,44,YTSS,1B,EE36,300000,2700000,none
C,44,YTSS,1C,Y4I,3400000,3900000,none
C,44,YTSS,1C,SE45,0,3900000,none
C,44,YTSS,1C,E37,0,3900000,none
C,44,YTSS,1C,ISM,400000,3900000,none
C,44,YTSS,1C,EE36,100000,3900000,none
C,44,YTSS,2A,Y4I,4100000,4700000,none
C,44,YTSS,2A,SE45,0,4700000,none
C,44,YTSS,2A,E37,0,4700000,none
C,44,YTSS,2A,ISM,300000,4700000,none
C,44,YTSS,2A,EE36,300000,4700000,none
C,44,YTSS,2B,Y4I,4900000,5700000,none
C,44,YTSS,2B,SE45,100000,5700000,none
C,44,YTSS,2B,E37,0,5700000,none
C,44,YTSS,2B,ISM,500000,5700000,none
C,44,YTSS,2B,EE36,200000,5700000,none
C,44,YTSS,2C,Y4I,3200000,3800000,none
C,44,YTSS,2C,SE45,400000,3800000,none
C,44,YTSS,2C,E37,0,3800000,none
C,44,YTSS,2C,ISM,100000,3800000,none
C,44,YTSS,2C,EE36,100000,3800000,none
C,44,YTSS,3A,Y4I,12400000,14700000,none
C,44,YTSS,3A,SE45,900000,14700000,none
C,44,YTSS,3A,E37,0,14700000,none
C,44,YTSS,3A,ISM,800000,14700000,none
C,44,YTSS,3A,EE36,600000,14700000,none
C,44,YTSS,3B,Y4I,9100000,10300000,none
C,44,YTSS,3B,SE45,0,10300000,none
C,44,YTSS,3B,E37,0,10300000,none
C,44,YTSS,3B,ISM,600000,10300000,none
C,44,YTSS,3B,EE36,600000,10300000,none
C,44,YTSS,3C,Y4I,9200000,10900000,none
C,44,YTSS,3C,SE45,800000,10900000,none
C,44,YTSS,3C,E37,0,10900000,none
C,44,YTSS,3C,ISM,300000,10900000,none
C,44,YTSS,3C,EE36,600000,10900000,none
D,44,YTSS,1A,Y4I,630000,1310000,none
D,44,YTSS,1A,SE45,10000,1310000,none
D,44,YTSS,1A,E37,0,1310000,none
D,44,YTSS,1A,ISM,270000,1310000,none
D,44,YTSS,1A,EE36,400000,1310000,none
D,44,YTSS,1B,Y4I,620000,850000,none
D,44,YTSS,1B,SE45,0,850000,none
D,44,YTSS,1B,E37,0,850000,none
D,44,YTSS,1B,ISM,70000,850000,none
D,44,YTSS,1B,EE36,160000,850000,none
D,44,YTSS,1C,Y4I,570000,1230000,none
D,44,YTSS,1C,SE45,50000,1230000,none
D,44,YTSS,1C,E37,0,1230000,none
D,44,YTSS,1C,ISM,250000,1230000,none
D,44,YTSS,1C,EE36,360000,1230000,none
D,44,YTSS,2A,Y4I,1190000,1720000,none
D,44,YTSS,2A,SE45,40000,1720000,none
D,44,YTSS,2A,E37,0,1720000,none
D,44,YTSS,2A,ISM,100000,1720000,none
D,44,YTSS,2A,EE36,390000,1720000,none
D,44,YTSS,2B,Y4I,900000,1610000,none
D,44,YTSS,2B,SE45,60000,1610000,none
D,44,YTSS,2B,E37,0,1610000,none
D,44,YTSS,2B,ISM,100000,1610000,none
D,44,YTSS,2B,EE36,550000,1610000,none
D,44,YTSS,2C,Y4I,870000,1290000,none
D,44,YTSS,2C,SE45,20000,1290000,none
D,44,YTSS,2C,E37,0,1290000,none
D,44,YTSS,2C,ISM,140000,1290000,none
D,44,YTSS,2C,EE36,260000,1290000,none
D,44,YTSS,3A,Y4I,330000,570000,none
D,44,YTSS,3A,SE45,30000,570000,none
D,44,YTSS,3A,E37,0,570000,none
D,44,YTSS,3A,ISM,110000,570000,none
D,44,YTSS,3A,EE36,100000,570000,none
D,44,YTSS,3B,Y4I,450000,1160000,none
D,44,YTSS,3B,SE45,120000,1160000,none
D,44,YTSS,3B,E37,0,1160000,none
D,44,YTSS,3B,ISM,290000,1160000,none
D,44,YTSS,3B,EE36,300000,1160000,none
D,44,YTSS,3C,Y4I,640000,1270000,none
D,44,YTSS,3C,SE45,60000,1270000,none
D,44,YTSS,3C,E37,0,1270000,none
D,44,YTSS,3C,ISM,180000,1270000,none
D,44,YTSS,3C,EE36,390000,1270000,none
E,44,YTSS,1A,Y4I,230000,370000,none
E,44,YTSS,1A,SE45,0,370000,none
E,44,YTSS,1A,E37,0,370000,none
E,44,YTSS,1A,ISM,110000,370000,none
E,44,YTSS,1A,EE36,30000,370000,none
E,44,YTSS,1B,Y4I,150000,200000,none
E,44,YTSS,1B,SE45,0,200000,none
E,44,YTSS,1B,E37,0,200000,none
E,44,YTSS,1B,ISM,50000,200000,none
E,44,YTSS,1B,EE36,0,200000,none
E,44,YTSS,1C,Y4I,4800000,5600000,none
E,44,YTSS,1C,SE45,200000,5600000,none
E,44,YTSS,1C,E37,0,5600000,none
E,44,YTSS,1C,ISM,600000,5600000,none
E,44,YTSS,1C,EE36,0,5600000,none
E,44,YTSS,2A,Y4I,3800000,4500000,none
E,44,YTSS,2A,SE45,200000,4500000,none
E,44,YTSS,2A,E37,100000,4500000,none
E,44,YTSS,2A,ISM,300000,4500000,none
E,44,YTSS,2A,EE36,100000,4500000,none
E,44,YTSS,2B,Y4I,1290000,1810000,none
E,44,YTSS,2B,SE45,100000,1810000,none
E,44,YTSS,2B,E37,0,1810000,none
E,44,YTSS,2B,ISM,110000,1810000,none
E,44,YTSS,2B,EE36,310000,1810000,none
E,44,YTSS,2C,Y4I,2410000,2780000,none
E,44,YTSS,2C,SE45,30000,2780000,none
E,44,YTSS,2C,E37,0,2780000,none
E,44,YTSS,2C,ISM,150000,2780000,none
E,44,YTSS,2C,EE36,190000,2780000,none
E,44,YTSS,3A,Y4I,920000,1000000,none
E,44,YTSS,3A,SE45,0,1000000,none
E,44,YTSS,3A,E37,0,1000000,none
E,44,YTSS,3A,ISM,80000,1000000,none
E,44,YTSS,3A,EE36,0,1000000,none
E,44,YTSS,3B,Y4I,7800000,12200000,none
E,44,YTSS,3B,SE45,600000,12200000,none
E,44,YTSS,3B,E37,0,12200000,none
E,44,YTSS,3B,ISM,1600000,12200000,none
E,44,YTSS,3B,EE36,2200000,12200000,none
E,44,YTSS,3C,Y4I,217000000,269000000,none
E,44,YTSS,3C,SE45,10000000,269000000,none
E,44,YTSS,3C,E37,2000000,269000000,none
E,44,YTSS,3C,ISM,30000000,269000000,none
E,44,YTSS,3C,EE36,10000000,269000000,none
A,68,YTSS,1A,Y4I,14000000,22000000,none
A,68,YTSS,1A,SE45,1000000,22000000,none
A,68,YTSS,1A,E37,4000000,22000000,none
A,68,YTSS,1A,ISM,3000000,22000000,none
A,68,YTSS,1A,EE36,0,22000000,none
A,68,YTSS,1B,Y4I,1000000,1000000,none
A,68,YTSS,1B,SE45,0,1000000,none
A,68,YTSS,1B,E37,0,1000000,none
A,68,YTSS,1B,ISM,0,1000000,none
A,68,YTSS,1B,EE36,0,1000000,none
A,68,YTSS,1C,Y4I,0,0,none
A,68,YTSS,1C,SE45,0,0,none
A,68,YTSS,1C,E37,0,0,none
A,68,YTSS,1C,ISM,0,0,none
A,68,YTSS,1C,EE36,0,0,none
A,68,YTSS,2A,Y4I,0,2000000,none
A,68,YTSS,2A,SE45,1000000,2000000,none
A,68,YTSS,2A,E37,0,2000000,none
A,68,YTSS,2A,ISM,0,2000000,none
A,68,YTSS,2A,EE36,1000000,2000000,none
A,68,YTSS,2B,Y4I,1000000,1000000,none
A,68,YTSS,2B,SE45,0,1000000,none
A,68,YTSS,2B,E37,0,1000000,none
A,68,YTSS,2B,ISM,0,1000000,none
A,68,YTSS,2B,EE36,0,1000000,none
A,68,YTSS,2C,Y4I,2000000,2000000,none
A,68,YTSS,2C,SE45,0,2000000,none
A,68,YTSS,2C,E37,0,2000000,none
A,68,YTSS,2C,ISM,0,2000000,none
A,68,YTSS,2C,EE36,0,2000000,none
A,68,YTSS,3A,Y4I,0,1000000,none
A,68,YTSS,3A,SE45,0,1000000,none
A,68,YTSS,3A,E37,0,1000000,none
A,68,YTSS,3A,ISM,0,1000000,none
A,68,YTSS,3A,EE36,1000000,1000000,none
A,68,YTSS,3B,Y4I,2000000,3000000,none
A,68,YTSS,3B,SE45,0,3000000,none
A,68,YTSS,3B,E37,0,3000000,none
A,68,YTSS,3B,ISM,0,3000000,none
A,68,YTSS,3B,EE36,1000000,3000000,none
A,68,YTSS,3C,Y4I,1000000,1000000,none
A,68,YTSS,3C,SE45,0,1000000,none
A,68,YTSS,3C,E37,0,1000000,none
A,68,YTSS,3C,ISM,0,1000000,none
A,68,YTSS,3C,EE36,0,1000000,none
B,68,YTSS,1A,Y4I,0,2000000,none
B,68,YTSS,1A,SE45,1000000,2000000,none
B,68,YTSS,1A,E37,0,2000000,none
B,68,YTSS,1A,ISM,0,2000000,none
B,68,YTSS,1A,EE36,1000000,2000000,none
B,68,YTSS,1B,Y4I,2000000,2000000,none
B,68,YTSS,1B,SE45,0,2000000,none
B,68,YTSS,1B,E37,0,2000000,none
B,68,YTSS,1B,ISM,0,2000000,none
B,68,YTSS,1B,EE36,0,2000000,none
B,68,YTSS,1C,Y4I,0,0,none
B,68,YTSS,1C,SE45,0,0,none
B,68,YTSS,1C,E37,0,0,none
B,68,YTSS,1C,ISM,0,0,none
B,68,YTSS,1C,EE36,0,0,none
B,68,YTSS,2A,Y4I,1000000,1000000,none
B,68,YTSS,2A,SE45,0,1000000,none
B,68,YTSS,2A,E37,0,1000000,none
B,68,YTSS,2A,ISM,0,1000000,none
B,68,YTSS,2A,EE36,0,1000000,none
B,68,YTSS,2B,Y4I,2000000,2000000,none
B,68,YTSS,2B,SE45,0,2000000,none
B,68,YTSS,2B,E37,0,2000000,none
B,68,YTSS,2B,ISM,0,2000000,none
B,68,YTSS,2B,EE36,0,2000000,none
B,68,YTSS,2C,Y4I,0,0,none
B,68,YTSS,2C,SE45,0,0,none
B,68,YTSS,2C,E37,0,0,none
B,68,YTSS,2C,ISM,0,0,none
B,68,YTSS,2C,EE36,0,0,none
B,68,YTSS,3A,Y4I,4000000,4000000,none
B,68,YTSS,3A,SE45,0,4000000,none
B,68,YTSS,3A,E37,0,4000000,none
B,68,YTSS,3A,ISM,0,4000000,none
B,68,YTSS,3A,EE36,0,4000000,none
B,68,YTSS,3B,Y4I,4000000,4000000,none
B,68,YTSS,3B,SE45,0,4000000,none
B,68,YTSS,3B,E37,0,4000000,none
B,68,YTSS,3B,ISM,0,4000000,none
B,68,YTSS,3B,EE36,0,4000000,none
B,68,YTSS,3C,Y4I,3000000,3000000,none
B,68,YTSS,3C,SE45,0,3000000,none
B,68,YTSS,3C,E37,0,3000000,none
B,68,YTSS,3C,ISM,0,3000000,none
B,68,YTSS,3C,EE36,0,3000000,none
C,68,YTSS,1A,Y4I,4000000,5000000,none
C,68,YTSS,1A,SE45,0,5000000,none
C,68,YTSS,1A,E37,0,5000000,none
C,68,YTSS,1A,ISM,1000000,5000000,none
C,68,YTSS,1A,EE36,0,5000000,none
C,68,YTSS,1B,Y4I,2000000,6000000,none
C,68,YTSS,1B,SE45,0,6000000,none
C,68,YTSS,1B,E37,0,6000000,none
C,68,YTSS,1B,ISM,1000000,6000000,none
C,68,YTSS,1B,EE36,3000000,6000000,none
C,68,YTSS,1C,Y4I,7000000,7000000,none
C,68,YTSS,1C,SE45,0,7000000,none
C,68,YTSS,1C,E37,0,7000000,none
C,68,YTSS,1C,ISM,0,7000000,none
C,68,YTSS,1C,EE36,0,7000000,none
C,68,YTSS,2A,Y4I,8000000,8000000,none
C,68,YTSS,2A,SE45,0,8000000,none
C,68,YTSS,2A,E37,0,8000000,none
C,68,YTSS,2A,ISM,0,8000000,none
C,68,YTSS,2A,EE36,0,8000000,none
C,68,YTSS,2B,Y4I,13000000,13000000,none
C,68,YTSS,2B,SE45,0,13000000,none
C,68,YTSS,2B,E37,0,13000000,none
C,68,YTSS,2B,ISM,0,13000000,none
C,68,YTSS,2B,EE36,0,13000000,none
C,68,YTSS,2C,Y4I,8000000,8000000,none
C,68,YTSS,2C,SE45,0,8000000,none
C,68,YTSS,2C,E37,0,8000000,none
C,68,YTSS,2C,ISM,0,8000000,none
C,68,YTSS,2C,EE36,0,8000000,none
C,68,YTSS,3A,Y4I,13000000,14000000,none
C,68,YTSS,3A,SE45,1000000,14000000,none
C,68,YTSS,3A,E37,0,14000000,none
C,68,YTSS,3A,ISM,0,14000000,none
C,68,YTSS,3A,EE36,0,14000000,none
C,68,YTSS,3B,Y4I,4000000,4000000,none
C,68,YTSS,3B,SE45,0,4000000,none
C,68,YTSS,3B,E37,0,4000000,none
C,68,YTSS,3B,ISM,0,4000000,none
C,68,YTSS,3B,EE36,0,4000000,none
C,68,YTSS,3C,Y4I,10000000,11000000,none
C,68,YTSS,3C,SE45,0,11000000,none
C,68,YTSS,3C,E37,0,11000000,none
C,68,YTSS,3C,ISM,0,11000000,none
C,68,YTSS,3C,EE36,1000000,11000000,none
D,68,YTSS,1A,Y4I,3000000,7000000,none
D,68,YTSS,1A,SE45,1000000,7000000,none
D,68,YTSS,1A,E37,1000000,7000000,none
D,68,YTSS,1A,ISM,2000000,7000000,none
D,68,YTSS,1A,EE36,0,7000000,none
D,68,YTSS,1B,Y4I,0,0,none
D,68,YTSS,1B,SE45,0,0,none
D,68,YTSS,1B,E37,0,0,none
D,68,YTSS,1B,ISM,0,0,none
D,68,YTSS,1B,EE36,0,0,none
D,68,YTSS,1C,Y4I,1000000,2000000,none
D,68,YTSS,1C,SE45,0,2000000,none
D,68,YTSS,1C,E37,0,2000000,none
D,68,YTSS,1C,ISM,0,2000000,none
D,68,YTSS,1C,EE36,1000000,2000000,none
D,68,YTSS,2A,Y4I,7000000,8000000,none
D,68,YTSS,2A,SE45,1000000,8000000,none
D,68,YTSS,2A,E37,0,8000000,none
D,68,YTSS,2A,ISM,0,8000000,none
D,68,YTSS,2A,EE36,0,8000000,none
D,68,YTSS,2B,Y4I,3000000,5000000,none
D,68,YTSS,2B,SE45,1000000,5000000,none
D,68,YTSS,2B,E37,0,5000000,none
D,68,YTSS,2B,ISM,0,5000000,none
D,68,YTSS,2B,EE36,1000000,5000000,none
D,68,YTSS,2C,Y4I,5000000,8000000,none
D,68,YTSS,2C,SE45,0,8000000,none
D,68,YTSS,2C,E37,1000000,8000000,none
D,68,YTSS,2C,ISM,0,8000000,none
D,68,YTSS,2C,EE36,2000000,8000000,none
D,68,YTSS,3A,Y4I,8000000,12000000,none
D,68,YTSS,3A,SE45,0,12000000,none
D,68,YTSS,3A,E37,0,12000000,none
D,68,YTSS,3A,ISM,2000000,12000000,none
D,68,YTSS,3A,EE36,2000000,12000000,none
D,68,YTSS,3B,Y4I,13000000,15000000,none
D,68,YTSS,3B,SE45,0,15000000,none
D,68,YTSS,3B,E37,2000000,15000000,none
D,68,YTSS,3B,ISM,0,15000000,none
D,68,YTSS,3B,EE36,0,15000000,none
D,68,YTSS,3C,Y4I,7000000,13000000,none
D,68,YTSS,3C,SE45,2000000,13000000,none
D,68,YTSS,3C,E37,0,13000000,none
D,68,YTSS,3C,ISM,2000000,13000000,none
D,68,YTSS,3C,EE36,2000000,13000000,none
E,68,YTSS,1A,Y4I,1000000,1000000,none
E,68,YTSS,1A,SE45,0,1000000,none
E,68,YTSS,1A,E37,0,1000000,none
E,68,YTSS,1A,ISM,0,1000000,none
E,68,YTSS,1A,EE36,0,1000000,none
E,68,YTSS,1B,Y4I,2000000,2000000,none
E,68,YTSS,1B,SE45,0,2000000,none
E,68,YTSS,1B,E37,0,2000000,none
E,68,YTSS,1B,ISM,0,2000000,none
E,68,YTSS,1B,EE36,0,2000000,none
E,68,YTSS,1C,Y4I,1000000,4000000,none
E,68,YTSS,1C,SE45,0,4000000,none
E,68,YTSS,1C,E37,3000000,4000000,none
E,68,YTSS,1C,ISM,0,4000000,none
E,68,YTSS,1C,EE36,0,4000000,none
E,68,YTSS,2A,Y4I,3000000,3000000,none
E,68,YTSS,2A,SE45,0,3000000,none
E,68,YTSS,2A,E37,0,3000000,none
E,68,YTSS,2A,ISM,0,3000000,none
E,68,YTSS,2A,EE36,0,3000000,none
E,68,YTSS,2B,Y4I,5000000,5000000,none
E,68,YTSS,2B,SE45,0,5000000,none
E,68,YTSS,2B,E37,0,5000000,none
E,68,YTSS,2B,ISM,0,5000000,none
E,68,YTSS,2B,EE36,0,5000000,none
E,68,YTSS,2C,Y4I,3000000,4000000,none
E,68,YTSS,2C,SE45,0,4000000,none
E,68,YTSS,2C,E37,0,4000000,none
E,68,YTSS,2C,ISM,0,4000000,none
E,68,YTSS,2C,EE36,1000000,4000000,none
E,68,YTSS,3A,Y4I,0,0,none
E,68,YTSS,3A,SE45,0,0,none
E,68,YTSS,3A,E37,0,0,none
E,68,YTSS,3A,ISM,0,0,none
E,68,YTSS,3A,EE36,0,0,none
E,68,YTSS,3B,Y4I,2000000,3000000,none
E,68,YTSS,3B,SE45,1000000,3000000,none
E,68,YTSS,3B,E37,0,3000000,none
E,68,YTSS,3B,ISM,0,3000000,none
E,68,YTSS,3B,EE36,0,3000000,none
E,68,YTSS,3C,Y4I,0,2000000,none
E,68,YTSS,3C,SE45,2000000,2000000,none
E,68,YTSS,3C,E37,0,2000000,none
E,68,YTSS,3C,ISM,0,2000000,none
E,68,YTSS,3C,EE36,0,2000000,none
